Status,Created,Resolution Date,Summary,Destination,Samples,TaT,Key,Year Week Created,Week of Date Completed
Closed,5/2/2024 10:18,5/20/2024 14:53,[WT-142703] for PDO-35401 PICO [WR-125726],Pico,1060,18.19,SRS-53222,2024-w18,5/20/2024
Closed,4/29/2024 14:48,5/16/2024 9:32,[WT-142654] for PDO-35340 PICO [WR-125679],Pico,41,16.78,SRS-53155,2024-w18,5/13/2024
Closed,4/23/2024 15:23,5/8/2024 10:12,1382993095_04-23-2024 02:43:55 Mercury Reworks,Fluidigm,5,14.78,SRS-53108,2024-w17,5/6/2024
Closed,4/30/2024 7:48,5/13/2024 12:55,[WT-142655] for WR-125167 PICO [WR-125685],Pico,8,13.21,SRS-53163,2024-w18,5/13/2024
Closed,4/30/2024 14:39,5/13/2024 14:22,BGEv2_NVX_PDO-33864_P2,BGE & SGE,378,12.99,SRS-53198,2024-w18,5/13/2024
Closed,4/30/2024 14:39,5/13/2024 14:09,BGEv2_NVX_PDO-33864_P1,BGE & SGE,378,12.98,SRS-53196,2024-w18,5/13/2024
Closed,4/26/2024 8:58,5/8/2024 14:37,NeoVax_Ovarian_Stock_Return_6samples_April2024,Tube Return & Externals,6,12.24,SRS-53137,2024-w17,5/6/2024
Closed,4/26/2024 14:11,5/8/2024 10:17,1383080184_04-26-2024 12:07:44 Mercury Reworks,Fluidigm,8,11.84,SRS-53144,2024-w17,5/6/2024
Closed,5/2/2024 7:55,5/13/2024 13:30,[WT-142701] for SM-NINET PICO [WR-125722],Pico,1,11.23,SRS-53218,2024-w18,5/13/2024
Closed,5/2/2024 13:05,5/13/2024 16:03,BGEv2_NVX_MultiPDO_RW_050224,BGE & SGE,378,11.12,SRS-53227,2024-w18,5/13/2024
Closed,5/2/2024 13:05,5/13/2024 15:37,BGEv2_25B_PDO-35058_P3,BGE & SGE,378,11.11,SRS-53225,2024-w18,5/13/2024
Closed,5/3/2024 17:07,5/14/2024 14:39,Trichtophyton gDNA tube transfer_03May2024,Sample Transfers,1,10.9,SRS-53241,2024-w18,5/13/2024
Closed,5/6/2024 7:13,5/14/2024 10:39,BGEv2_NVX_PDO-35404_MaycBGE validation_P2,BGE & SGE,378,8.14,SRS-53244,2024-w19,5/13/2024
Closed,5/6/2024 7:13,5/14/2024 10:39,BGEv2_NVX_PDO-35404_MaycBGE validation_P1,BGE & SGE,378,8.14,SRS-53245,2024-w19,5/13/2024
Closed,5/6/2024 15:46,5/14/2024 14:47,AoU_Infinium_GDA_Arrays_RW_2024.05.06,Infinium,8,7.96,SRS-53280,2024-w19,5/13/2024
Closed,5/7/2024 8:42,5/14/2024 14:19,NeoVax_Ovarian_6DNA_Transfer_to_Research_April2024,Sample Transfers,6,7.23,SRS-53283,2024-w19,5/13/2024
Closed,4/30/2024 14:13,5/7/2024 15:27,BGEv2_NVX_MultiPDO_043024,BGE & SGE,378,7.05,SRS-53194,2024-w18,5/6/2024
Closed,4/30/2024 14:39,5/7/2024 15:16,BGEv2_NVX_PDO-33864_P5,BGE & SGE,378,7.03,SRS-53200,2024-w18,5/6/2024
Closed,4/30/2024 14:39,5/7/2024 15:20,BGEv2_NVX_PDO-33864_P6,BGE & SGE,378,7.03,SRS-53201,2024-w18,5/6/2024
Closed,4/30/2024 14:39,5/7/2024 15:23,BGEv2_NVX_PDO-33864_P7,BGE & SGE,378,7.03,SRS-53202,2024-w18,5/6/2024
Closed,4/30/2024 14:39,5/7/2024 15:11,BGEv2_NVX_PDO-33864_P4,BGE & SGE,378,7.02,SRS-53197,2024-w18,5/6/2024
Closed,4/30/2024 14:39,5/7/2024 15:07,BGEv2_NVX_PDO-33864_P3,BGE & SGE,378,7.02,SRS-53199,2024-w18,5/6/2024
Closed,5/9/2024 11:02,5/16/2024 9:38,[WT-142801] for PDO-35449 [WR-125796],Pico,1,6.94,SRS-53317,2024-w19,5/13/2024
Closed,5/14/2024 14:22,5/21/2024 10:45,5/13/24_Custom_Hyb_1,Sonic,43,6.85,SRS-53389,2024-w20,5/20/2024
Closed,5/14/2024 14:22,5/21/2024 10:46,5/13/24_Custom_Hyb_2,Sonic,17,6.85,SRS-53390,2024-w20,5/20/2024
Closed,5/8/2024 15:53,5/15/2024 11:34,1382994005_05-08-2024 03:23:51 Mercury Reworks,Fluidigm,24,6.82,SRS-53313,2024-w19,5/13/2024
Closed,5/8/2024 10:35,5/14/2024 14:47,eMERGE_Infinium_GDA_Arrays_RW_2024.05.08,Infinium,23,6.18,SRS-53310,2024-w19,5/13/2024
Closed,5/2/2024 10:14,5/8/2024 13:41,SMaHT colon tissue to Andy 5-1-24,Tube Return & Externals,1,6.14,SRS-53221,2024-w18,5/6/2024
Closed,5/7/2024 8:40,5/13/2024 11:26,[WT-142743] for XTR-10240 PICO [WR-125761],Pico,7,6.12,SRS-53282,2024-w19,5/13/2024
Closed,4/30/2024 11:22,5/6/2024 8:25,[WT-142661] for WGS_FluidigmFP_626s_4.30 [WR-125688],Fluidigm,95,5.88,SRS-53172,2024-w18,5/6/2024
Closed,5/2/2024 15:18,5/8/2024 10:30,1382993160_05-02-2024 02:38:38 Mercury Reworks,Fluidigm,33,5.8,SRS-53228,2024-w18,5/6/2024
Closed,4/24/2024 10:11,4/29/2024 15:35,NHP dGTEx Tissue For Pathology 4-10-24,Tube Return & Externals,4,5.22,SRS-53118,2024-w17,4/29/2024
Closed,5/15/2024 6:21,5/20/2024 9:43,WGS_PCRFree_NVX_Mutiple PDOs_5.14.24_30x_P2,Genomes,94,5.14,SRS-53401,2024-w20,5/20/2024
Closed,5/2/2024 13:05,5/7/2024 15:51,BGEv2_25B_PDO-35058_P4,BGE & SGE,378,5.12,SRS-53226,2024-w18,5/6/2024
Closed,5/2/2024 13:05,5/7/2024 15:28,BGEv2_NVX_PDO-35404_P2,BGE & SGE,378,5.1,SRS-53224,2024-w18,5/6/2024
Closed,5/2/2024 13:05,5/7/2024 15:19,BGEv2_NVX_PDO-35404_P1,BGE & SGE,378,5.09,SRS-53223,2024-w18,5/6/2024
Closed,5/3/2024 14:16,5/8/2024 10:39,1382993042_05-03-2024 01:59:16 Mercury Reworks,Fluidigm,1,4.85,SRS-53237,2024-w18,5/6/2024
Closed,5/8/2024 15:28,5/13/2024 11:26,[WT-142774] for XTR-10247 PICO [WR-125790],Pico,23,4.83,SRS-53312,2024-w19,5/13/2024
Closed,5/9/2024 10:23,5/13/2024 11:29,[WT-142780] for WGS_FluidigmFP_188s_5.9.24 [WR-125791],Fluidigm,90,4.05,SRS-53314,2024-w19,5/13/2024
Closed,5/9/2024 10:23,5/13/2024 11:29,[WT-142778] for WGS_FluidigmFP_188s_5.9.24 [WR-125791],Fluidigm,3,4.05,SRS-53315,2024-w19,5/13/2024
Closed,5/9/2024 10:23,5/13/2024 11:29,[WT-142779] for WGS_FluidigmFP_188s_5.9.24 [WR-125791],Fluidigm,95,4.05,SRS-53316,2024-w19,5/13/2024
Closed,5/9/2024 12:51,5/13/2024 13:40,Volume Check for SM-NQ5W9,Pico,1,4.03,SRS-53337,2024-w19,5/13/2024
Closed,5/16/2024 9:22,5/20/2024 9:43,WGS_PCRFree_NVX_Mutiple PDOs_5.15.24_30x,Genomes,94,4.01,SRS-53414,2024-w20,5/20/2024
Closed,5/9/2024 11:37,5/13/2024 11:29,[WT-142782] for BGE_FP_1686s-050924 [WR-125793],Fluidigm,95,3.99,SRS-53318,2024-w19,5/13/2024
Closed,5/9/2024 11:37,5/13/2024 11:29,[WT-142783] for BGE_FP_1686s-050924 [WR-125793],Fluidigm,8,3.99,SRS-53319,2024-w19,5/13/2024
Closed,5/9/2024 11:37,5/13/2024 11:29,[WT-142781] for BGE_FP_1686s-050924 [WR-125793],Fluidigm,95,3.99,SRS-53320,2024-w19,5/13/2024
Closed,5/9/2024 11:37,5/13/2024 11:29,[WT-142784] for BGE_FP_1686s-050924 [WR-125793],Fluidigm,95,3.99,SRS-53321,2024-w19,5/13/2024
Closed,5/9/2024 11:37,5/13/2024 11:29,[WT-142785] for BGE_FP_1686s-050924 [WR-125793],Fluidigm,95,3.99,SRS-53322,2024-w19,5/13/2024
Closed,5/9/2024 11:37,5/13/2024 11:29,[WT-142786] for BGE_FP_1686s-050924 [WR-125793],Fluidigm,95,3.99,SRS-53323,2024-w19,5/13/2024
Closed,5/9/2024 11:37,5/13/2024 11:29,[WT-142787] for BGE_FP_1686s-050924 [WR-125793],Fluidigm,95,3.99,SRS-53324,2024-w19,5/13/2024
Closed,5/9/2024 11:37,5/13/2024 11:29,[WT-142789] for BGE_FP_1686s-050924 [WR-125793],Fluidigm,95,3.99,SRS-53325,2024-w19,5/13/2024
Closed,5/9/2024 11:37,5/13/2024 11:29,[WT-142788] for BGE_FP_1686s-050924 [WR-125793],Fluidigm,95,3.99,SRS-53326,2024-w19,5/13/2024
Closed,5/9/2024 11:37,5/13/2024 11:29,[WT-142790] for BGE_FP_1686s-050924 [WR-125793],Fluidigm,95,3.99,SRS-53327,2024-w19,5/13/2024
Closed,5/9/2024 11:37,5/13/2024 11:29,[WT-142791] for BGE_FP_1686s-050924 [WR-125793],Fluidigm,95,3.99,SRS-53328,2024-w19,5/13/2024
Closed,5/9/2024 11:38,5/13/2024 11:29,[WT-142792] for BGE_FP_1686s-050924 [WR-125793],Fluidigm,95,3.99,SRS-53329,2024-w19,5/13/2024
Closed,5/9/2024 11:38,5/13/2024 11:29,[WT-142793] for BGE_FP_1686s-050924 [WR-125793],Fluidigm,95,3.99,SRS-53330,2024-w19,5/13/2024
Closed,5/9/2024 11:38,5/13/2024 11:29,[WT-142794] for BGE_FP_1686s-050924 [WR-125793],Fluidigm,95,3.99,SRS-53331,2024-w19,5/13/2024
Closed,5/9/2024 11:38,5/13/2024 11:29,[WT-142795] for BGE_FP_1686s-050924 [WR-125793],Fluidigm,95,3.99,SRS-53332,2024-w19,5/13/2024
Closed,5/9/2024 11:38,5/13/2024 11:29,[WT-142796] for BGE_FP_1686s-050924 [WR-125793],Fluidigm,95,3.99,SRS-53333,2024-w19,5/13/2024
Closed,5/9/2024 11:38,5/13/2024 11:29,[WT-142797] for BGE_FP_1686s-050924 [WR-125793],Fluidigm,95,3.99,SRS-53334,2024-w19,5/13/2024
Closed,5/9/2024 11:38,5/13/2024 11:29,[WT-142798] for BGE_FP_1686s-050924 [WR-125793],Fluidigm,95,3.99,SRS-53335,2024-w19,5/13/2024
Closed,5/9/2024 11:38,5/13/2024 11:29,[WT-142799] for BGE_FP_1686s-050924 [WR-125793],Fluidigm,63,3.99,SRS-53336,2024-w19,5/13/2024
Closed,5/16/2024 11:31,5/20/2024 10:09,1383021085_05-16-2024 11:10:28 Mercury Reworks,Fluidigm,3,3.94,SRS-53417,2024-w20,5/20/2024
Closed,5/9/2024 16:03,5/13/2024 14:18,[WT-142811] for PDO-35506 PICO [WR-125807],Pico,3,3.93,SRS-53348,2024-w19,5/13/2024
Closed,5/16/2024 11:29,5/20/2024 8:46,[WT-142969] for XTR-10300 PICO [WR-125892],Pico,1,3.89,SRS-53416,2024-w20,5/20/2024
Closed,4/29/2024 18:09,5/3/2024 14:45,LCSET-30212 Watchmaker RNA,RNA,24,3.86,SRS-53161,2024-w18,4/29/2024
Closed,5/9/2024 15:39,5/13/2024 11:46,WGS_PCRFree_NVX_PDO-35268_5.9.24_30x_P3,Genomes,94,3.84,SRS-53341,2024-w19,5/13/2024
Closed,5/9/2024 15:39,5/13/2024 11:28,WGS_PCRFree_NVX_PDO-35268_5.9.24_30x_P2,Genomes,94,3.83,SRS-53340,2024-w19,5/13/2024
Closed,5/9/2024 15:39,5/13/2024 10:58,WGS_PCRFree_NVX_PDO-35268_5.9.24_30x_P1,Genomes,94,3.8,SRS-53339,2024-w19,5/13/2024
Closed,4/25/2024 17:14,4/29/2024 8:39,cWGS Sample Missing for WGS ,Genomes,1,3.64,SRS-53130,2024-w17,4/29/2024
Closed,5/13/2024 11:40,5/16/2024 15:00,mWGS_3GB_Metagenomic_MultiPDO,Other,184,3.14,SRS-53365,2024-w20,5/13/2024
Closed,5/3/2024 14:45,5/6/2024 15:19,Parsons_DFCI_MOONRISE_47_gDNA_Stock_Tube_Transfer_Adalsteinsson_Lab_Broad_Truck_May2024,Tube Return & Externals,47,3.02,SRS-53238,2024-w18,5/6/2024
Closed,4/26/2024 10:17,4/29/2024 10:34,BGEv2_NVX_PDO-35299,BGE & SGE,378,3.01,SRS-53141,2024-w17,4/29/2024
Closed,4/26/2024 11:49,4/29/2024 10:34,[WT-142635] for PDO-35328 PICO [WR-125661],Pico,4,2.95,SRS-53142,2024-w17,4/29/2024
Closed,4/26/2024 13:43,4/29/2024 10:06,eMERGE_Infinium_GDA_Arrays_RW_2024.04.26,Infinium,11,2.85,SRS-53143,2024-w17,4/29/2024
Closed,5/13/2024 11:47,5/15/2024 17:15,5/13/24_TruSeq_1,RNA,94,2.23,SRS-53372,2024-w20,5/13/2024
Closed,5/13/2024 11:49,5/15/2024 17:15,5/13/24_TruSeq_2,RNA,94,2.23,SRS-53373,2024-w20,5/13/2024
Closed,5/13/2024 11:50,5/15/2024 17:15,5/13/24_TruSeq_3,RNA,94,2.23,SRS-53374,2024-w20,5/13/2024
Closed,5/13/2024 11:52,5/15/2024 17:15,5/13/24_TruSeq_4,RNA,94,2.22,SRS-53375,2024-w20,5/13/2024
Closed,5/7/2024 9:48,5/9/2024 11:38,[WT-142745] for BGE-FP-15s_050724 [WR-125762],Fluidigm,15,2.08,SRS-53285,2024-w19,5/6/2024
Closed,5/7/2024 9:48,5/9/2024 11:39,[WT-142746] for BGEv1_FP-15s_050724 [WR-125763],Fluidigm,15,2.08,SRS-53286,2024-w19,5/6/2024
Closed,5/6/2024 10:25,5/8/2024 10:51,1382993105_04-25-2024 11:38:33 Mercury Reworks,Fluidigm,5,2.02,SRS-53271,2024-w19,5/6/2024
Closed,5/14/2024 15:33,5/16/2024 15:00,mWGS_3GB_MultiPDO_051424,Other,184,1.98,SRS-53392,2024-w20,5/13/2024
Closed,4/30/2024 14:12,5/2/2024 13:02,WGS_PCRFree_NVX_PDO-35331_4.29.24_30x,Genomes,95,1.95,SRS-53183,2024-w18,4/29/2024
Closed,4/30/2024 14:12,5/2/2024 13:03,WGS_PCRFree_NVX_PDO-35331_4.29.24_30x_P2,Genomes,95,1.95,SRS-53184,2024-w18,4/29/2024
Closed,4/30/2024 14:12,5/2/2024 13:03,WGS_PCRFree_NVX_Mutiple PDOs_4.29.24_30x_P5,Genomes,95,1.95,SRS-53185,2024-w18,4/29/2024
Closed,4/30/2024 14:12,5/2/2024 13:03,WGS_PCRFree_NVX_PDO-35310_30x,Genomes,95,1.95,SRS-53186,2024-w18,4/29/2024
Closed,4/30/2024 14:12,5/2/2024 13:03,WGS_PCRFree_NVX_Mutiple PDOs_4.29.24_30x_P6,Genomes,95,1.95,SRS-53187,2024-w18,4/29/2024
Closed,4/30/2024 14:12,5/2/2024 13:03,WGS_PCRFree_NVX_PDO-35268_30x_P1,Genomes,95,1.95,SRS-53188,2024-w18,4/29/2024
Closed,4/30/2024 14:12,5/2/2024 13:03,WGS_PCRFree_NVX 25B_PDO-35268_4.30_30x_P1,Genomes,95,1.95,SRS-53190,2024-w18,4/29/2024
Closed,4/30/2024 14:12,5/2/2024 13:03,WGS_PCRFree_NVX 25B_PDO-35268_4.30_30x_P2,Genomes,95,1.95,SRS-53191,2024-w18,4/29/2024
Closed,4/30/2024 14:12,5/2/2024 13:03,WGS_PCRFree_NVX 25B_PDO-35268_4.30_30x_P3,Genomes,95,1.95,SRS-53192,2024-w18,4/29/2024
Closed,4/30/2024 14:12,5/2/2024 13:03,WGS_PCRFree_NVX 25B_PDO-35268_4.30_30x_P4,Genomes,95,1.95,SRS-53193,2024-w18,4/29/2024
Closed,5/6/2024 12:35,5/8/2024 10:47,5/6/24_TruSeq_1,RNA,94,1.92,SRS-53278,2024-w19,5/6/2024
Closed,5/6/2024 12:40,5/8/2024 10:47,5/6/24_TruSeq_2,RNA,94,1.92,SRS-53279,2024-w19,5/6/2024
Closed,5/1/2024 13:28,5/3/2024 10:21,1383081014_05-01-2024 01:01:51 Mercury Reworks,Fluidigm,1,1.87,SRS-53213,2024-w18,4/29/2024
Closed,5/7/2024 14:31,5/9/2024 9:53,1382993190_05-07-2024 02:16:09 Mercury Reworks,Fluidigm,22,1.81,SRS-53296,2024-w19,5/6/2024
Closed,5/14/2024 15:37,5/16/2024 9:52,AoU_Infinium_GDA_Arrays_RW_2024.05.14,Infinium,12,1.76,SRS-53393,2024-w20,5/13/2024
Closed,4/29/2024 17:53,5/1/2024 11:04,4/29/24_SIDT_WAIT FOR CLINICAL,Sonic,22,1.72,SRS-53160,2024-w18,4/29/2024
Closed,5/1/2024 16:43,5/3/2024 7:23,[WT-142700] for XTR-10224 PICO [WR-125721],Pico,13,1.61,SRS-53216,2024-w18,4/29/2024
Closed,5/2/2024 0:59,5/3/2024 11:04,WGS FP Reworks _includes 8 Lilly samples_21  older AoU samples_PRIORITY FP Plating_29s_050224,Fluidigm,29,1.42,SRS-53217,2024-w18,4/29/2024
Closed,5/13/2024 8:05,5/14/2024 15:55,Hourigan_MEASURE_SampleAliquotCombination_May24,Sample Transfers,32,1.33,SRS-53352,2024-w20,5/13/2024
Closed,5/15/2024 10:30,5/16/2024 13:52,BGEv2_PDO-35404_P4,BGE & SGE,378,1.14,SRS-53408,2024-w20,5/13/2024
Closed,5/15/2024 10:30,5/16/2024 13:52,BGEv2_PDO-35404_P5,BGE & SGE,378,1.14,SRS-53409,2024-w20,5/13/2024
Closed,5/7/2024 14:51,5/8/2024 16:01,Delve Sample Return - Lindsey - May2024,Tube Return & Externals,48,1.05,SRS-53300,2024-w19,5/6/2024
Closed,5/8/2024 10:25,5/9/2024 11:39,[WT-142757] for WGS_FluidigmFP_364s_5.8.24 [WR-125774],Fluidigm,95,1.05,SRS-53305,2024-w19,5/6/2024
Closed,5/8/2024 10:25,5/9/2024 11:39,[WT-142756] for WGS_FluidigmFP_364s_5.8.24 [WR-125774],Fluidigm,95,1.05,SRS-53306,2024-w19,5/6/2024
Closed,5/8/2024 10:25,5/9/2024 11:39,[WT-142758] for WGS_FluidigmFP_364s_5.8.24 [WR-125774],Fluidigm,4,1.05,SRS-53307,2024-w19,5/6/2024
Closed,5/8/2024 10:25,5/9/2024 11:39,[WT-142759] for WGS_FluidigmFP_364s_5.8.24 [WR-125774],Fluidigm,95,1.05,SRS-53308,2024-w19,5/6/2024
Closed,5/8/2024 10:26,5/9/2024 11:39,[WT-142760] for WGS_FluidigmFP_364s_5.8.24 [WR-125774],Fluidigm,75,1.05,SRS-53309,2024-w19,5/6/2024
Closed,4/30/2024 14:12,5/1/2024 15:05,WGS_PCRFree_NVX_Mutiple PDOs_4.29.24_30x_P1,Genomes,95,1.04,SRS-53177,2024-w18,4/29/2024
Closed,4/30/2024 14:12,5/1/2024 15:05,WGS_PCRFree_NVX_Mutiple PDOs_4.29.24_30x_P2,Genomes,95,1.04,SRS-53178,2024-w18,4/29/2024
Closed,4/30/2024 14:12,5/1/2024 15:05,WGS_PCRFree_NVX_Mutiple PDOs_4.29.24_30x_P3,Genomes,95,1.04,SRS-53179,2024-w18,4/29/2024
Closed,4/30/2024 14:12,5/1/2024 15:05,WGS_PCRFree_NVX_PDO-35297_4.29.24_30x,Genomes,95,1.04,SRS-53180,2024-w18,4/29/2024
Closed,4/30/2024 14:12,5/1/2024 15:05,WGS_PCRFree_NVX_PDO-35274_4.29.24_30x,Genomes,95,1.04,SRS-53181,2024-w18,4/29/2024
Closed,4/30/2024 14:12,5/1/2024 15:05,WGS_PCRFree_NVX_Mutiple PDOs_4.29.24_30x_P4,Genomes,95,1.04,SRS-53182,2024-w18,4/29/2024
Closed,4/30/2024 14:12,5/1/2024 15:05,WGS_PCRFree_NVX_Diff Pooling_Includes Rw's and Rw's for Topoff_Mutiple PDOs_4.30.24_25B_30x,Genomes,95,1.04,SRS-53189,2024-w18,4/29/2024
Closed,5/16/2024 9:22,5/17/2024 9:36,WGS_PCRFree_NVX_Mutiple PDOs_5.15.24_30x_P1,Genomes,94,1.01,SRS-53413,2024-w20,5/13/2024
Closed,5/16/2024 9:22,5/17/2024 9:37,WGS_PCRFree_NVX_Mutiple PDOs_5.15.24_30x_P2,Genomes,94,1.01,SRS-53415,2024-w20,5/13/2024
Closed,5/13/2024 11:41,5/14/2024 11:37,5/13/24_Custom_Hyb_1,Sonic,43,1,SRS-53367,2024-w20,5/13/2024
Closed,5/13/2024 11:43,5/14/2024 11:38,5/13/24_Custom_Hyb_2,Sonic,17,1,SRS-53369,2024-w20,5/13/2024
Closed,4/24/2024 10:10,4/25/2024 10:02,SAMPLE DESTRUCTION ASC_CMI_Saliva_Sample_Destruction_Request_Related_to_BQMS_84534_Apr2024,Tube Return & Externals,1,0.99,SRS-53117,2024-w17,4/22/2024
Closed,5/13/2024 11:43,5/14/2024 11:28,5/13/24_Custom_LC_1,Sonic,13,0.99,SRS-53370,2024-w20,5/13/2024
Closed,5/15/2024 9:46,5/16/2024 9:29,[WT-142852] for PDO-35568 PICO [WR-125847],Pico,405,0.99,SRS-53403,2024-w20,5/13/2024
Closed,5/1/2024 10:16,5/2/2024 9:53,BGEv1_S4_PDO-35146_P3,BGE & SGE,368,0.98,SRS-53210,2024-w18,4/29/2024
Closed,5/7/2024 10:55,5/8/2024 10:27,FP Mercury reworks 5/7,Fluidigm,95,0.98,SRS-53287,2024-w19,5/6/2024
Closed,5/13/2024 11:41,5/14/2024 11:19,5/13/24_Custom_LC_2,Sonic,94,0.98,SRS-53368,2024-w20,5/13/2024
Closed,5/13/2024 11:43,5/14/2024 11:19,5/13/24_Custom_LC_3,Sonic,94,0.98,SRS-53371,2024-w20,5/13/2024
Closed,5/13/2024 11:12,5/14/2024 10:23,5/13/24_cfDNA_ULP_1,Sonic,91,0.97,SRS-53354,2024-w20,5/13/2024
Closed,5/1/2024 10:16,5/2/2024 9:24,[WT-142678] for BGE_FP_60s_050124 [WR-125710],Fluidigm,30,0.96,SRS-53211,2024-w18,4/29/2024
Closed,5/1/2024 10:16,5/2/2024 9:24,[WT-142677] for BGE_FP_60s_050124 [WR-125710],Fluidigm,30,0.96,SRS-53212,2024-w18,4/29/2024
Closed,5/6/2024 12:01,5/7/2024 10:59,5/6/24_SIDT_12-plex,Sonic,59,0.96,SRS-53273,2024-w19,5/6/2024
Closed,5/13/2024 11:15,5/14/2024 10:23,5/13/24_cfDNA_ULP_2,Sonic,71,0.96,SRS-53355,2024-w20,5/13/2024
Closed,5/15/2024 10:24,5/16/2024 9:32,PDO-35571 Sample Transfer ,Sample Transfers,95,0.96,SRS-53406,2024-w20,5/13/2024
Closed,4/30/2024 14:37,5/1/2024 13:24,[WT-142671] for XTR-10223 PICO [WR-125693],Pico,24,0.95,SRS-53195,2024-w18,4/29/2024
Closed,5/6/2024 12:13,5/7/2024 10:59,5/6/24_Custom_LC_1,Sonic,48,0.95,SRS-53274,2024-w19,5/6/2024
Closed,5/2/2024 16:42,5/3/2024 14:45,5/2/24_T Cap - WITH NEOVAX,RNA,19,0.92,SRS-53229,2024-w18,4/29/2024
Closed,4/30/2024 15:33,5/1/2024 13:25,[WT-142673] for XTR-10214 PICO [WR-125697],Pico,2,0.91,SRS-53203,2024-w18,4/29/2024
Closed,4/30/2024 15:35,5/1/2024 13:25,[WT-142674] for XTR-10203 PICO [WR-125698],Pico,12,0.91,SRS-53204,2024-w18,4/29/2024
Closed,4/30/2024 15:36,5/1/2024 13:24,[WT-142675] for XTR-10207 PICO [WR-125699],Pico,17,0.91,SRS-53205,2024-w18,4/29/2024
Closed,4/30/2024 15:37,5/1/2024 13:24,[WT-142676] for XTR-10213 PICO [WR-125700],Pico,13,0.91,SRS-53206,2024-w18,4/29/2024
Closed,4/29/2024 17:46,4/30/2024 15:29,4/29/24_cfDNA_ULP,Sonic,49,0.9,SRS-53158,2024-w18,4/29/2024
Closed,4/29/2024 17:49,4/30/2024 15:29,4/29/24_gDNA_ULP,Genomes,14,0.9,SRS-53159,2024-w18,4/29/2024
Closed,5/1/2024 10:13,5/2/2024 7:56,[WT-142687] for Zeke PICO 050124 [WR-125712],Pico,911,0.9,SRS-53209,2024-w18,4/29/2024
Closed,4/29/2024 13:55,4/30/2024 11:04,4/29/24_Custom_LC_1,Sonic,94,0.88,SRS-53150,2024-w18,4/29/2024
Closed,4/29/2024 13:57,4/30/2024 11:04,4/29/24_Custom_LC_2,Sonic,94,0.88,SRS-53151,2024-w18,4/29/2024
Closed,4/29/2024 13:59,4/30/2024 11:04,4/29/24_Custom_LC_3,Sonic,94,0.88,SRS-53152,2024-w18,4/29/2024
Closed,4/29/2024 14:01,4/30/2024 11:05,4/29/24_Custom_LC_4,Sonic,94,0.88,SRS-53153,2024-w18,4/29/2024
Closed,4/29/2024 14:03,4/30/2024 11:05,4/29/24_Custom_LC_5,Sonic,94,0.88,SRS-53154,2024-w18,4/29/2024
Closed,5/16/2024 16:14,5/17/2024 13:25,HIGH PRIORITY 5/16/24_T Cap,RNA,42,0.88,SRS-53427,2024-w20,5/13/2024
Closed,5/14/2024 11:41,5/15/2024 8:39,[WT-142838] for WGS_FluidigmFP_95samples_5.13.24 [WR-125832],Fluidigm,23,0.87,SRS-53384,2024-w20,5/13/2024
Closed,5/14/2024 11:41,5/15/2024 8:39,[WT-142837] for WGS_FluidigmFP_95samples_5.13.24 [WR-125832],Fluidigm,72,0.87,SRS-53385,2024-w20,5/13/2024
Closed,5/14/2024 11:41,5/15/2024 8:39,[WT-142839] for BGE_FP_051424 [WR-125833],Fluidigm,20,0.87,SRS-53386,2024-w20,5/13/2024
Closed,5/14/2024 11:41,5/15/2024 8:39,[WT-142840] for BGE_FP_051424 [WR-125833],Fluidigm,10,0.87,SRS-53387,2024-w20,5/13/2024
Closed,5/2/2024 16:42,5/3/2024 13:20,[WT-142712] for Rebecca Re-PICO 050224 [WR-125734],Pico,88,0.86,SRS-53230,2024-w18,4/29/2024
Closed,5/15/2024 13:34,5/16/2024 10:18,1382884233_05-15-2024 01:13:40 Mercury Reworks,Fluidigm,15,0.86,SRS-53411,2024-w20,5/13/2024
Closed,4/24/2024 13:12,4/25/2024 9:27,1382993103_04-24-2024 11:10:41 Mercury Reworks,Fluidigm,69,0.84,SRS-53122,2024-w17,4/22/2024
Closed,5/6/2024 11:56,5/7/2024 8:02,5/6/24_cfDNA_ULP,Sonic,93,0.84,SRS-53272,2024-w19,5/6/2024
Closed,5/6/2024 12:18,5/7/2024 8:02,5/6/24_Custom_LC_2,Sonic,94,0.82,SRS-53275,2024-w19,5/6/2024
Closed,5/6/2024 12:20,5/7/2024 8:02,5/6/24_Custom_LC_3,Sonic,94,0.82,SRS-53276,2024-w19,5/6/2024
Closed,5/6/2024 12:21,5/7/2024 8:02,5/6/24_Custom_LC_4,Sonic,94,0.82,SRS-53277,2024-w19,5/6/2024
Closed,5/16/2024 13:55,5/17/2024 9:37,FP Request for BGE samples,Fluidigm,548,0.82,SRS-53421,2024-w20,5/13/2024
Closed,4/25/2024 11:23,4/26/2024 6:55,eMERGE_Infinium_GDA_Arrays_RW_2024.04.25,Infinium,2,0.81,SRS-53128,2024-w17,4/22/2024
Closed,5/7/2024 14:48,5/8/2024 9:54,GDA_Infinium_2024.05.07_1,Infinium,2,0.8,SRS-53297,2024-w19,5/6/2024
Closed,5/14/2024 13:32,5/15/2024 8:39,WGS FP Reworks _Lilly_PRIORITY FP Plating_21s_051424,Fluidigm,21,0.8,SRS-53388,2024-w20,5/13/2024
Closed,4/23/2024 14:03,4/24/2024 9:04,"[WT-142582] for WGS_FluidigmFP_88s_4,23.24 [WR-125600]",Fluidigm,88,0.79,SRS-53107,2024-w17,4/22/2024
Closed,5/20/2024 14:21,5/21/2024 9:23,[WT-143063] for XTR-10267 PICO [WR-125956],Pico,2,0.79,SRS-53471,2024-w21,5/20/2024
Closed,5/20/2024 14:23,5/21/2024 9:24,[WT-143064] for XTR-10286 PICO [WR-125957],Pico,10,0.79,SRS-53472,2024-w21,5/20/2024
Closed,5/20/2024 14:24,5/21/2024 9:24,[WT-143065] for XTR-10266 PICO [WR-125958],Pico,11,0.79,SRS-53473,2024-w21,5/20/2024
Closed,5/20/2024 14:25,5/21/2024 9:24,[WT-143066] for XTR-10257 PICO [WR-125959],Pico,61,0.79,SRS-53474,2024-w21,5/20/2024
Closed,4/29/2024 15:35,4/30/2024 10:21,URGENT_cWGS_External plating for GeneDx send out_56752207081539,Tube Return & Externals,1,0.78,SRS-53157,2024-w18,4/29/2024
Closed,5/7/2024 16:09,5/8/2024 10:26,[WT-142748] for somatic FP 050624 [WR-125759],Fluidigm,12,0.76,SRS-53303,2024-w19,5/6/2024
Closed,5/7/2024 16:09,5/8/2024 10:26,[WT-142749] for somatic FP 050624 [WR-125759],Fluidigm,3,0.76,SRS-53304,2024-w19,5/6/2024
Closed,5/16/2024 15:19,5/17/2024 9:37,WGS FP_271 samples_5.16.24,Fluidigm,271,0.76,SRS-53424,2024-w20,5/13/2024
Closed,4/25/2024 13:00,4/26/2024 6:59,[WT-142619] for XTR-10187 PICO2 [WR-125628],Pico,1,0.75,SRS-53129,2024-w17,4/22/2024
Closed,5/16/2024 15:43,5/17/2024 9:37,sample to go to FP,Fluidigm,125,0.75,SRS-53426,2024-w20,5/13/2024
Closed,5/9/2024 15:39,5/10/2024 9:24,WGS_PCRFree_NVX_Includes RW's_Mutiple PDOs_5.9.24_30x,Genomes,94,0.74,SRS-53338,2024-w19,5/6/2024
Closed,4/23/2024 16:28,4/24/2024 9:55,4/22/24_cfDNA_ULP,Sonic,92,0.73,SRS-53111,2024-w17,4/22/2024
Closed,4/24/2024 13:19,4/25/2024 6:51,[WT-142606] for BGE_FP_042424 [WR-125625],Fluidigm,30,0.73,SRS-53124,2024-w17,4/22/2024
Closed,4/24/2024 13:19,4/25/2024 6:51,[WT-142605] for BGE_FP_042424 [WR-125625],Fluidigm,75,0.73,SRS-53125,2024-w17,4/22/2024
Closed,4/29/2024 13:44,4/30/2024 6:57,1383079143_04-29-2024 01:18:22 Mercury Reworks,Fluidigm,5,0.72,SRS-53149,2024-w18,4/29/2024
Closed,4/24/2024 14:37,4/25/2024 7:37,[WT-142612] for PDO-35267 PICO [WR-125629],Pico,7,0.71,SRS-53126,2024-w17,4/22/2024
Closed,5/14/2024 15:37,5/15/2024 8:39,[WT-142846] for WGS_FluidigmFP_164s_5.14 [WR-125840],Fluidigm,95,0.71,SRS-53394,2024-w20,5/13/2024
Closed,5/14/2024 15:37,5/15/2024 8:39,[WT-142845] for WGS_FluidigmFP_164s_5.14 [WR-125840],Fluidigm,33,0.71,SRS-53395,2024-w20,5/13/2024
Closed,5/14/2024 15:37,5/15/2024 8:39,[WT-142847] for WGS_FluidigmFP_164s_5.14 [WR-125840],Fluidigm,36,0.71,SRS-53396,2024-w20,5/13/2024
Closed,5/14/2024 15:39,5/15/2024 7:29,EPIC_Infinium_2024.05.14,Infinium,86,0.66,SRS-53397,2024-w20,5/13/2024
Closed,5/14/2024 14:53,5/15/2024 6:23,[WT-142849] for XTR-10246 PICO [WR-125843],Pico,95,0.65,SRS-53391,2024-w20,5/13/2024
Closed,5/14/2024 15:52,5/15/2024 7:29,GSA_Infinium_Arrays_2024.05.14,Infinium,95,0.65,SRS-53398,2024-w20,5/13/2024
Closed,4/23/2024 15:56,4/24/2024 7:02,[WT-142588] for XTR-10187 PICO [WR-125608],Pico,83,0.63,SRS-53109,2024-w17,4/22/2024
Closed,5/7/2024 8:44,5/7/2024 14:49,FP Reworks 5/7,Fluidigm,95,0.25,SRS-53284,2024-w19,5/6/2024
Closed,5/3/2024 9:25,5/3/2024 15:02,Ruchi Jain_sample return_EXPEDITE_5.2.24,Tube Return & Externals,10,0.23,SRS-53232,2024-w18,4/29/2024
Closed,4/24/2024 7:01,4/24/2024 10:48,WGS_PCRFree_NVX_Differential Pooling_Mutiple PDOs_4.23.24_25B_30x_80x,Genomes,95,0.16,SRS-53113,2024-w17,4/22/2024
Closed,4/26/2024 9:57,4/26/2024 13:42,[WT-142630] for PDO-35079 PICO [WR-125652],Pico,1,0.16,SRS-53138,2024-w17,4/22/2024
Closed,5/13/2024 11:20,5/13/2024 15:11,5/13/24_SIDT_1 WITH ROOM FOR NEOVAX,Sonic,77,0.16,SRS-53356,2024-w20,5/13/2024
Closed,5/6/2024 10:13,5/6/2024 13:38,[WT-142726] for WGS_FluidigmFP_854s_5.6.24 [WR-125751],Fluidigm,95,0.14,SRS-53261,2024-w19,5/6/2024
Closed,5/6/2024 10:13,5/6/2024 13:38,[WT-142724] for WGS_FluidigmFP_854s_5.6.24 [WR-125751],Fluidigm,95,0.14,SRS-53262,2024-w19,5/6/2024
Closed,5/6/2024 10:14,5/6/2024 13:38,[WT-142725] for WGS_FluidigmFP_854s_5.6.24 [WR-125751],Fluidigm,95,0.14,SRS-53263,2024-w19,5/6/2024
Closed,5/6/2024 10:14,5/6/2024 13:38,[WT-142727] for WGS_FluidigmFP_854s_5.6.24 [WR-125751],Fluidigm,95,0.14,SRS-53264,2024-w19,5/6/2024
Closed,5/6/2024 10:14,5/6/2024 13:38,[WT-142729] for WGS_FluidigmFP_854s_5.6.24 [WR-125751],Fluidigm,95,0.14,SRS-53265,2024-w19,5/6/2024
Closed,5/6/2024 10:14,5/6/2024 13:38,[WT-142728] for WGS_FluidigmFP_854s_5.6.24 [WR-125751],Fluidigm,95,0.14,SRS-53266,2024-w19,5/6/2024
Closed,5/6/2024 10:14,5/6/2024 13:38,[WT-142730] for WGS_FluidigmFP_854s_5.6.24 [WR-125751],Fluidigm,95,0.14,SRS-53267,2024-w19,5/6/2024
Closed,5/6/2024 10:14,5/6/2024 13:38,[WT-142732] for WGS_FluidigmFP_854s_5.6.24 [WR-125751],Fluidigm,95,0.14,SRS-53268,2024-w19,5/6/2024
Closed,5/6/2024 10:14,5/6/2024 13:38,[WT-142731] for WGS_FluidigmFP_854s_5.6.24 [WR-125751],Fluidigm,53,0.14,SRS-53269,2024-w19,5/6/2024
Closed,5/6/2024 10:14,5/6/2024 13:38,[WT-142733] for WGS_FluidigmFP_854s_5.6.24 [WR-125751],Fluidigm,41,0.14,SRS-53270,2024-w19,5/6/2024
Closed,5/13/2024 11:41,5/13/2024 14:44,5/10/24_SIDT (PE-CGS),Sonic,23,0.13,SRS-53366,2024-w20,5/13/2024
Closed,5/15/2024 6:21,5/15/2024 9:31,WGS_PCRFree_NVX_Mutiple PDOs_5.14.24_30x_P1,Genomes,94,0.13,SRS-53399,2024-w20,5/13/2024
Closed,5/15/2024 6:21,5/15/2024 9:31,WGS_PCRFree_NVX_Diff Pooling__Multiple PDOs_5.14.24_30x_60x,Genomes,94,0.13,SRS-53400,2024-w20,5/13/2024
Closed,5/13/2024 8:35,5/13/2024 11:26,[WT-142828] for XTR-10256 PICO [WR-125822],Pico,96,0.12,SRS-53353,2024-w20,5/13/2024
Closed,5/15/2024 10:30,5/15/2024 13:15,BGEv2_PDO-35404_P3,BGE & SGE,378,0.11,SRS-53407,2024-w20,5/13/2024
Closed,5/16/2024 13:01,5/16/2024 15:18,Clinical FP Reworks 5/16,Fluidigm,8,0.1,SRS-53420,2024-w20,5/13/2024
Closed,4/26/2024 6:59,4/26/2024 9:15,WGS_PCRFree_NVX_Mutiple PDOs_4.25.24_25B_30x,Genomes,95,0.09,SRS-53131,2024-w17,4/22/2024
Closed,4/26/2024 6:59,4/26/2024 9:15,WGS_PCRFree_NVX_25B_Mutiple PDOs_4.25.24_30x_P2,Genomes,95,0.09,SRS-53132,2024-w17,4/22/2024
Closed,4/30/2024 11:21,4/30/2024 13:24,[WT-142658] for WGS_FluidigmFP_626s_4.30 [WR-125688],Fluidigm,95,0.09,SRS-53169,2024-w18,4/29/2024
Closed,4/30/2024 11:22,4/30/2024 13:25,[WT-142660] for WGS_FluidigmFP_626s_4.30 [WR-125688],Fluidigm,95,0.09,SRS-53173,2024-w18,4/29/2024
Closed,4/30/2024 11:22,4/30/2024 13:24,[WT-142659] for WGS_FluidigmFP_626s_4.30 [WR-125688],Fluidigm,95,0.08,SRS-53170,2024-w18,4/29/2024
Closed,4/30/2024 11:22,4/30/2024 13:24,[WT-142657] for WGS_FluidigmFP_626s_4.30 [WR-125688],Fluidigm,95,0.08,SRS-53171,2024-w18,4/29/2024
Closed,4/30/2024 11:22,4/30/2024 13:24,[WT-142662] for WGS_FluidigmFP_626s_4.30 [WR-125688],Fluidigm,74,0.08,SRS-53174,2024-w18,4/29/2024
Closed,4/30/2024 11:23,4/30/2024 13:24,[WT-142663] for WGS_FluidigmFP_626s_4.30 [WR-125688],Fluidigm,77,0.08,SRS-53175,2024-w18,4/29/2024
Closed,5/13/2024 11:25,5/13/2024 13:26,[WT-142823] for BGE_FP_051324 [WR-125821],Fluidigm,53,0.08,SRS-53358,2024-w20,5/13/2024
Closed,5/13/2024 11:25,5/13/2024 13:26,[WT-142825] for BGE_FP_051324 [WR-125821],Fluidigm,95,0.08,SRS-53359,2024-w20,5/13/2024
Closed,5/13/2024 11:25,5/13/2024 13:26,[WT-142824] for BGE_FP_051324 [WR-125821],Fluidigm,95,0.08,SRS-53360,2024-w20,5/13/2024
Closed,5/13/2024 11:25,5/13/2024 13:26,[WT-142827] for BGE_FP_051324 [WR-125821],Fluidigm,55,0.08,SRS-53361,2024-w20,5/13/2024
Closed,5/13/2024 11:25,5/13/2024 13:26,[WT-142826] for BGE_FP_051324 [WR-125821],Fluidigm,95,0.08,SRS-53362,2024-w20,5/13/2024
Closed,5/13/2024 11:25,5/13/2024 13:26,[WT-142832] for WGS_FluidigmFP_95s_5.13.24 [WR-125826],Fluidigm,3,0.08,SRS-53363,2024-w20,5/13/2024
Closed,5/13/2024 11:25,5/13/2024 13:26,[WT-142833] for WGS_FluidigmFP_95s_5.13.24 [WR-125826],Fluidigm,92,0.08,SRS-53364,2024-w20,5/13/2024
Closed,4/29/2024 11:57,4/29/2024 13:33,FP Emerge + production rework,Fluidigm,95,0.07,SRS-53148,2024-w18,4/29/2024
Closed,4/30/2024 9:27,4/30/2024 10:49,High Priority Kinnex RNA Pilot Set,RNA,48,0.06,SRS-53168,2024-w18,4/29/2024
Closed,4/24/2024 7:01,4/24/2024 8:14,WGS_PCRFree_NVX_Includes RW's_Mutiple PDOs_4.23.24_25B_30x,Genomes,95,0.05,SRS-53112,2024-w17,4/22/2024
Closed,4/26/2024 7:56,4/26/2024 9:15,WGS_PCRFree_NVX_25B_GMKF PDOs_4.26.24_30x_P1,Genomes,95,0.05,SRS-53133,2024-w17,4/22/2024
Closed,4/26/2024 7:56,4/26/2024 9:15,WGS_PCRFree_NVX_25B_GMKF PDOs_4.26.24_30x_P2,Genomes,95,0.05,SRS-53134,2024-w17,4/22/2024
Closed,4/26/2024 7:56,4/26/2024 9:15,WGS_PCRFree_NVX_25B_GMKF PDOs_4.26.24_30x_P3,Genomes,95,0.05,SRS-53135,2024-w17,4/22/2024
Closed,4/26/2024 7:56,4/26/2024 9:15,WGS_PCRFree_NVX_25B_GMKF PDOs_4.26.24_30x_P4,Genomes,95,0.05,SRS-53136,2024-w17,4/22/2024
Closed,4/30/2024 8:06,4/30/2024 9:25,4/29/24_Custom_Hyb_1,Sonic,17,0.05,SRS-53164,2024-w18,4/29/2024
Closed,4/30/2024 8:07,4/30/2024 9:26,4/29/04_Custom_Hyb_2,Sonic,17,0.05,SRS-53165,2024-w18,4/29/2024
Closed,4/30/2024 8:07,4/30/2024 9:24,4/29/04_Custom_Hyb_3,Sonic,14,0.05,SRS-53166,2024-w18,4/29/2024
Closed,5/16/2024 12:45,5/16/2024 13:55,8 CLINICAL WGS cases for FULL Rework_051624,Genomes,8,0.05,SRS-53419,2024-w20,5/13/2024
Closed,5/21/2024 8:21,5/21/2024 9:38,1 SIMONS CLINICAL WGS case for FULL Rework_052124,Genomes,1,0.05,SRS-53487,2024-w21,5/20/2024
Closed,4/24/2024 12:50,4/24/2024 13:45,[WT-142609] for XTR-10198 PICO [WR-125626],Pico,16,0.04,SRS-53120,2024-w17,4/22/2024
Closed,5/3/2024 7:23,5/3/2024 8:23,WGS_PCRFree_NVX 25B_(Eli Lilly FLOW)PDO-35388_5.2.24_30x_Partial,Genomes,93,0.04,SRS-53231,2024-w18,4/29/2024
Closed,4/24/2024 13:09,4/24/2024 13:45,[WT-142610] for XTR-10205 PICO [WR-125627],Pico,4,0.02,SRS-53121,2024-w17,4/22/2024
Closed,4/24/2024 13:19,4/24/2024 13:54,mWGS_DRAGEN_6GB_Metagenomic_MultiPDO_042424,Other,185,0.02,SRS-53123,2024-w17,4/22/2024
Closed,4/30/2024 8:07,4/30/2024 8:39,Custom Panel DRAGEN Test 042924,Sonic,9,0.02,SRS-53167,2024-w18,4/29/2024
Closed,5/6/2024 6:53,5/6/2024 7:23,FP Reworks 4/25 Clinical,Fluidigm,95,0.02,SRS-53242,2024-w19,5/6/2024
Closed,5/6/2024 6:54,5/6/2024 7:23,FP Reworks 4/25 Research,Fluidigm,95,0.02,SRS-53243,2024-w19,5/6/2024
Closed,4/24/2024 9:10,4/24/2024 9:21,PRIORITY FINGERPRINT 2/24,Fluidigm,95,0.01,SRS-53115,2024-w17,4/22/2024
Closed,4/30/2024 6:20,4/30/2024 6:37,[WT-142653] for PDO-35336 FP [WR-125678],Fluidigm,7,0.01,SRS-53162,2024-w18,4/29/2024
Closed,5/13/2024 11:24,5/13/2024 11:36,[WT-142822] for PDO-35525 FP [WR-125820],Fluidigm,1,0.01,SRS-53357,2024-w20,5/13/2024
Closed,4/26/2024 10:11,4/26/2024 10:12,Bahrain_WGS_PDO-34991_PDO-34993_PDO-34994_PDO-34996,Genomes,45,0,SRS-53140,2024-w17,4/22/2024
Closed,5/20/2024 11:37,5/20/2024 11:40,5/6/24_TruSeq_1,RNA,94,0,SRS-53450,2024-w21,5/20/2024
